source_path,release_path,source_sha256
.DS_Store,(retained in Git history),77c64ef154b0d37b6853208977434627125c0ce29d4014b8020bfc1f9e573799
README.md,(retained in Git history),44798a0d23c4c92f2e1410cc5b615a9aa8c2a93af7db1517c5b1234815a05337
kinematic tessellation optimization/.DS_Store,(retained in Git history),e72f4a3a85efff63c3f21aafc104badd4c5c361395aa27a41afbec59c699d88e
kinematic tessellation optimization/README.md,docs/kinematics-reference.md,9f6bb2d0aa0aab18d329f1277c22f0b92a1c8be9eb7f7645db60acee9f4b965d
kinematic tessellation optimization/deployment.m,legacy/deployment.m,b5852a93c5238c7048228add2c91c42952e023b81867d81094bc661fcc2c77a1
kinematic tessellation optimization/forward_analysis/fig_rotating_units.m,extras/forward-analysis/fig_rotating_units.m,3f8c9fe9ef5c40b4c6831d9c83693be7a9d3470aa1d0054d0522b6e38959e1ac
kinematic tessellation optimization/forward_analysis/forward_analysis.m,extras/forward-analysis/forward_analysis.m,72b8614a1a270a21ea1f780d5548fb76f20bbf2b9425f5c9957b295e748f0064
kinematic tessellation optimization/forward_analysis/forward_anisotropy.m,extras/forward-analysis/forward_anisotropy.m,d99cbe8b19d5827865179df4c7b68e8e82da304d2b641af05fd06c47eaf57850
kinematic tessellation optimization/forward_analysis/forward_main.m,extras/forward-analysis/forward_main.m,0edbcc48ba528b28e68e15a27419e17e38e8cfcbfe355a238b558c6cdfbae461
kinematic tessellation optimization/forward_analysis/tests/ParallelogramTest.m,extras/forward-analysis/tests/ParallelogramTest.m,69a5f66d286f8b4c1e009006d1d7da22eaccd09e217ff00f8f2cfa7ea1713acf
kinematic tessellation optimization/function/.DS_Store,(retained in Git history),3b50773db86bd418cf2075312bc2ae7bf3e848083eefba2ef14050f459424495
kinematic tessellation optimization/function/angle_calculate.m,src/kinematics/angle_calculate.m,208338e216d1cefd8d7b50efc518ac2c4750184d6a05f2663ec6ff68b6faf387
kinematic tessellation optimization/function/angle_diff.m,src/kinematics/angle_diff.m,d7e6009d450c38c53601dd78a6128aa8e583199f6339bc25acf183947539fef6
kinematic tessellation optimization/function/boundary_residual.m,src/kinematics/boundary_residual.m,8ca8fc8157809158cf8e9592e2d11159e6e0eeec9f9ec647b2174214db8bba80
kinematic tessellation optimization/function/case1.fig,(retained in Git history),cc03399e4c33a1e1d28b865b4ac473d2243a99f85670f1a3ae78ce83b7b028e4
kinematic tessellation optimization/function/constraints/nonrigid.m,src/kinematics/constraints/nonrigid.m,85519aa31bd8d6df8ad45328223a682c195b82458229ecf2a41071a3628bf43a
kinematic tessellation optimization/function/constraints/rigid.asv,(retained in Git history),b908d7a49e55d3ca376d0dd32a90af3b13d830d075beb335c260f865dfb0dd90
kinematic tessellation optimization/function/constraints/rigid.m,src/kinematics/constraints/rigid.m,2925fd1710f53a17bf4c5266d45d609e8ed262c7d5bf880b80c827cb49b87524
kinematic tessellation optimization/function/create_svg_tessellation.m,src/kinematics/create_svg_tessellation.m,2086d30b7fe88d54f535e52a26a209ffae18962e4add1410c247c00cea941dfb
kinematic tessellation optimization/function/create_tessellation.m,src/kinematics/create_tessellation.m,c620ead446b1abff1394c98d535136306fb0eeb03f17909bd62ea3b8a0886df4
kinematic tessellation optimization/function/create_unit.m,src/kinematics/create_unit.m,f34ee53e1274569a7389816d5ad44de72de0a8672daa4211eb329a5adaf1c61a
kinematic tessellation optimization/function/design_freedom.m,src/kinematics/design_freedom.m,cba4d001a0f70b792958d5907ffee74dc7e8040955fceee0da429ff1aa9a3927
kinematic tessellation optimization/function/edge_diff.m,src/kinematics/edge_diff.m,119636a69b7e27108c8647fb11751eb774e01099ede6e7068f627b813043191e
kinematic tessellation optimization/function/fit_initial_guess.m,src/kinematics/fit_initial_guess.m,14662a1a930a6384f0ac7bc2369a2ea2be3502a836c24759fdd7a668c2bb6a39
kinematic tessellation optimization/function/forward_colors.m,src/kinematics/forward_colors.m,bebee2fdbc0bd1ffee918c05c638c301708953d3d62f86d6e4978a262893681d
kinematic tessellation optimization/function/forward_deployment.m,src/kinematics/forward_deployment.m,0cd57276356b41560b072a1e4cbdbdf018a8943e56793411e3eb7c8f13bd1a94
kinematic tessellation optimization/function/gif.mlx,(retained in Git history),f6df8c2988ad9c3fc16fc8b50e10317fc76ab697226c4f9f39c382118ceb0dcd
kinematic tessellation optimization/function/ifoverlapping.m,src/kinematics/ifoverlapping.m,738b30bec7926150956f0c30990f994b0a1e7d28d994bb23274c18a8f82ac3bb
kinematic tessellation optimization/function/journal_axes.m,src/kinematics/journal_axes.m,d5434148229c3ccce36bb9c172a56eab7923c5092fc634aacfa21bcb95d1d8ce
kinematic tessellation optimization/function/length_calculate.m,src/kinematics/length_calculate.m,84a5a1a12479dbf3fef24b7473aef020cb490ea431183cd911af0599fb6e50f9
kinematic tessellation optimization/function/make_target.m,src/kinematics/make_target.m,b700265f71ccc003a68e1e72a1b3bd21942867e393caf2de79a92632b722c41e
kinematic tessellation optimization/function/nodes_to_units.m,src/kinematics/nodes_to_units.m,762a3513ac63b1934a613684fde4720d837a20260f9f82ffee46c30774c1275a
kinematic tessellation optimization/function/objective_residuals.m,src/kinematics/objective_residuals.m,c6092acbf197f8e170c10733401bc2371dcabf7e7e3a6ea5ac2973b2e319d58b
kinematic tessellation optimization/function/parallelogram_deployment.m,src/kinematics/parallelogram_deployment.m,03a14972fa2a5ec1f3327c1d1dd2cc05dd5debb84d542d36ea146221267e2cb3
kinematic tessellation optimization/function/parallelogram_metrics.m,src/kinematics/parallelogram_metrics.m,dc3fe1c48604d066c2961797b442d55594ea5334230d9303ccba4af43b167a71
kinematic tessellation optimization/function/plot_boundary.m,src/kinematics/plot_boundary.m,6610841ecef32a113d987f4e78310911fd1dbe916acc70b9f1bad37e4e41a355
kinematic tessellation optimization/function/plot_forward.m,src/kinematics/plot_forward.m,f5a721052bb2d9ede83d8e21a8fedf8afd3e6be8aef25e8729cbf18ec9e4a453
kinematic tessellation optimization/function/plot_tessellation.m,src/kinematics/plot_tessellation.m,31c0655e2e75629d8d8151e3909fcee33ddad0e5c2b158136cfdf4eb79f6610a
kinematic tessellation optimization/function/rotating_unit_deployment.m,src/kinematics/rotating_unit_deployment.m,4899cdc5d0166335db0d86c55176a65fe17f5a8fc31d11a0e78e67b22e56b2e1
kinematic tessellation optimization/function/rotating_unit_metrics.m,src/kinematics/rotating_unit_metrics.m,b5745393c737392c215113d752b607fb09771596ab11b088a6250d0464f9742d
kinematic tessellation optimization/function/shape.m,src/kinematics/shape.m,d039c11bceb7b63824021e77d74c8fc9376c7bcfc6c930bb36bb1ad99ca4f3f0
kinematic tessellation optimization/function/shapes/anvil.m,src/kinematics/shapes/anvil.m,b13d7ee56f9623b10751e0490f41e30d22b467a1d8fe97c082d64b90a0eec341
kinematic tessellation optimization/function/shapes/circle.m,src/kinematics/shapes/circle.m,b9ff8068e155a9947a3c2e6177dc4dd04dd9aed98d83eea72fed96a3687c69de
kinematic tessellation optimization/function/shapes/egg.m,src/kinematics/shapes/egg.m,ee9a9dcfc1b25904b5a69dfafe1b3862db7aa58aac7c05fdd9da172e5caa8783
kinematic tessellation optimization/function/shapes/rainbow.m,src/kinematics/shapes/rainbow.m,b9677b78fb277820d7ee78cfd844c994fcf71536d9c1ed8f01757826326b282a
kinematic tessellation optimization/function/shapes/rect.m,src/kinematics/shapes/rect.m,8b8771e83b896c9575b51004d02a8f4181d335ca59e5ac6b29cacbb5f2659995
kinematic tessellation optimization/function/shapes/shear.m,src/kinematics/shapes/shear.m,aee4717b45332ec734e494ab70cddfde9765fbe193c5224e447c08bc91d513ec
kinematic tessellation optimization/function/shapes/star.m,src/kinematics/shapes/star.m,9b64ec0b2355ce257ce52d5ec85110d43d608c9489d4af7bd2dbbf56684903da
kinematic tessellation optimization/function/shapes/wavy.m,src/kinematics/shapes/wavy.m,0bc2565200558e8b72e03a774aa01dcad87b04593a0bbf0c0bcf3ec9c4672acf
kinematic tessellation optimization/function/shapes/wedge.m,src/kinematics/shapes/wedge.m,507e5a6be36e0f04aaea8661576edcbe2726640036828f0261f104bb0a27387b
kinematic tessellation optimization/function/sparse_fd.m,src/kinematics/sparse_fd.m,86224cd81185e4ca03d8a1a848c49fdcb76adf549c12f1730cae99951934c2be
kinematic tessellation optimization/function/square_deployment.m,src/kinematics/square_deployment.m,9129b59e3340c7a7a83cef0000bc88181a3c9a93e17974f50213aa233c736d2d
kinematic tessellation optimization/function/target_value.m,src/kinematics/target_value.m,706cc1600eae7b331bab94b36770f1bab9ede2dbd9ba315ac736b61997073644
kinematic tessellation optimization/function/tessellation_compaction.m,src/kinematics/tessellation_compaction.m,5efb1ff2462ae6a8c58cce1b49ffa6635ee83dc45d44dfe9729b356e664bee64
kinematic tessellation optimization/function/tessellation_con_notuse.m,src/kinematics/tessellation_con_notuse.m,9b6f30fbe88539dd5b4a72d1dcee99d7345ea0d3ee64ce42cf73c31ab5fa7983
kinematic tessellation optimization/function/tessellation_deployment.m,src/kinematics/tessellation_deployment.m,271dc8ccef545caf5f8d0baddbc33559f2fde1a2846d7022a7b9bdba11751fbd
kinematic tessellation optimization/function/tessellation_optimization.m,src/kinematics/tessellation_optimization.m,b1d641d8f8a7bbd9f910b1c5534833dec954bddee363d0d7e58b10770ebc06f9
kinematic tessellation optimization/function/test1.mat,(retained in Git history),f137acf850a570ae45ae4f337cd54e632f03ac93f43678a9709b90dda14a83b7
kinematic tessellation optimization/function/trace_fitness.mat,(retained in Git history),05e9e68147b8cbec20c859ae3a009102615292a418c16f0d034def43334658e7
kinematic tessellation optimization/function/trace_shape.mat,(retained in Git history),dbfe38eb56048716df67d7c2657e7b501abe1cb4e378d3c0a7f615971327d5f7
kinematic tessellation optimization/function/transform_square.m,src/kinematics/transform_square.m,d1fd36d6dc2e4658035d45a9b1ce9849d0e3d79416a8db3b1288269101860e68
kinematic tessellation optimization/function/triangle_deployment.m,src/kinematics/triangle_deployment.m,94a2e35d73af3c331f005e763e5db59d3b8b967f0e498bcac94033402f78814f
kinematic tessellation optimization/function/triangle_general_deployment.m,src/kinematics/triangle_general_deployment.m,0b7acc99d8489fc08052335920a723dd4d923d7a8b55ef128ffd58bc07654aab
kinematic tessellation optimization/function/units_to_nodes.m,src/kinematics/units_to_nodes.m,e79c76af92137a9c466c85011c5174abdf3e7ef4f96b9f54df588de3587d8d13
kinematic tessellation optimization/main.m,legacy/kinematic_main.m,43faa180712dfb3010589d856d605978ec8523c049e9e5ed38fcf5d6ae1d27cc
kinematic tessellation optimization/output/tessellation_initial_8X8.svg,(retained in Git history),f8164fe54f4447548288b761a2eeacf2acb5fd1d4af90a8260f5f1b9479e6e4e
kinematic tessellation optimization/output_cut_pattern/tessellation_initial.svg,(retained in Git history),decd0bc27cebbb972424a7674d2990e55ea7117276e73dbe85b49a66c4396553
kinematic tessellation optimization/output_cut_pattern/tessellation_initial_10X10.svg,(retained in Git history),497355db2e5e70f698f1b89e70b85a45fb4d8ed3c09fad140486c76540952629
kinematic tessellation optimization/output_cut_pattern/tessellation_initial_8X8.svg,(retained in Git history),4a0c58003de797eb4e41f4f4279d077f97e4fee33ce6126c4ad520d45b164128
kinematic tessellation optimization/results/Energy_nonrigid.m,legacy/kinematic-cases/Energy_nonrigid.m,e8aab6d42ac99164e0f5591010e488689a0b5137581093365ed6f8afed3ef00a
kinematic tessellation optimization/results/Energy_rigid.m,legacy/kinematic-cases/Energy_rigid.m,fbdb8e0c4a989fa9795f9a3f034f97a4dcf1999a7470efad90fe789a12165c25
kinematic tessellation optimization/results/ellipse_rigid.mat,legacy/kinematic-cases/ellipse_rigid.mat,7eef8b243d1c74e812e0c497b8a734fb4b728ae255e412a5c67ad9744b57b8eb
kinematic tessellation optimization/results/vase_rigid.mat,legacy/kinematic-cases/vase_rigid.mat,24e19b56105f660c606cf5736000c8e42e24c4eecbae2e703c13de021cc15013
kinematic tessellation optimization/results/wavy.mat,legacy/kinematic-cases/wavy.mat,ff70361cd70fd5bc21ec483fd982b62e678ec298a81bfc230c3214db4444e85f
kinematic tessellation optimization/results/wavy2.mat,legacy/kinematic-cases/wavy2.mat,a72ec391a5c5f8ec87724feeeea73b4e321d109a74d4a4100a92d0b5021bacb4
matlab-comsol joint optimisation/.DS_Store,(retained in Git history),9e697f02a7add31e84b88ecd5917c40038b47d414cb444684e7e6259dca08c60
matlab-comsol joint optimisation/GA/Code.m,src/comsol/Code.m,bfa24fd564c1170c0e50edeb9d142a514a78c15dd375b28dca03f41b1b6b558c
matlab-comsol joint optimisation/GA/Cross.m,src/comsol/Cross.m,c07bcb63716a8e5d69dbfbec2ebbeff7afc00a18fcc64f39f189eae70e0fc714
matlab-comsol joint optimisation/GA/Mutation.m,src/comsol/Mutation.m,8cf03cd9325fdcaab1367129380fa7696aa15026957384dc6012288e436ce550
matlab-comsol joint optimisation/GA/Select.m,src/comsol/Select.m,73631dbf5cc61fd98358152fe4c9c320b85c97524fb00d121692aa7837c30b63
matlab-comsol joint optimisation/GA/bending_energy.asv,(retained in Git history),d57e21dd0c9835311c562b437ca31fd7882d3e72fb62c93f0a9798d4f2738c29
matlab-comsol joint optimisation/GA/bending_energy.m,src/comsol/bending_energy.m,eb64d21fca32f29af6518dd76184d50f483fede99a1a2decbb8bf153d9fcd603
matlab-comsol joint optimisation/GA/boundary.m,src/comsol/boundary.m,81d413e8feedbf41e51964909da01f93827ece2fbc6018a5ee2c24ae6d721fa1
matlab-comsol joint optimisation/GA/ceq.mat,(retained in Git history),212b534cfa899cbb1438f5c6c9bd76c2c3b57135eef0d86dd6e77ab59e9b7d4b
matlab-comsol joint optimisation/GA/derive_nodes.m,src/comsol/derive_nodes.m,254cfb85de00bf9374ada71ac54e59ca2c19985120dedaf98045b49301f47778
matlab-comsol joint optimisation/GA/derive_nodes_rigid.m,src/comsol/derive_nodes_rigid.m,182598159ae9e0711074ebd1fe1800cd844b567a7dcced564290781efb0234dd
matlab-comsol joint optimisation/GA/ellipse_case.mat,legacy/comsol/GA/ellipse_case.mat,0c4108007a8eb77ce7e8e4b4c485c25ebf5db1cba339218438f25ea83aeff2fd
matlab-comsol joint optimisation/GA/inter_node.m,src/comsol/inter_node.m,e1fd01180851ae4ff79d276ac3b67ba184dc97d3f66a1dfe3a337149294fc312
matlab-comsol joint optimisation/GA/iteration_vase.png,(retained in Git history),fcad41ec264f1cabad89ba9374a017ffe482ea76a33f482ea08d1d478b85650a
matlab-comsol joint optimisation/GA/livelink.m,src/comsol/livelink.m,d3fcfbcfcc6c57ced1cce07f1096ab07aebee5bd3ff8c3edfa59c0ece18c6ab6
matlab-comsol joint optimisation/GA/livelink_new.m,src/comsol/livelink_new.m,aebbf134c8a3ac51069c933261f14fd535c1b405230c79edc3b434f60f224057
matlab-comsol joint optimisation/GA/livelink_nonrigid.m,src/comsol/livelink_nonrigid.m,5a8b663ce419093df9631f30276670a991ba9ca3ae082a12c10cc02e88312ff0
matlab-comsol joint optimisation/GA/livelink_rigid.m,src/comsol/livelink_rigid.m,38d05da4bfae4367b118c8754e48b88c9d8e00a20c89e309a17f6f8d2c19835e
matlab-comsol joint optimisation/GA/shape_difference.m,src/comsol/shape_difference.m,06c9a07ab5163b30c00724b2930bc776bfc8df3a4cc8d5494c4498244e9a8601
matlab-comsol joint optimisation/GA/shape_distance.m,src/comsol/shape_distance.m,1ea24ebda7b9ebcaa7df441c6e31017048c0b34d2d37a6f7364812e8bd154e12
matlab-comsol joint optimisation/GA/sine_shape_case1.mat,legacy/comsol/GA/sine_shape_case1.mat,dfd073c73b542a2a35ee35e831756f853c98f704fe52a3969ff8c6de8d51bcdf
matlab-comsol joint optimisation/GA/test.m,src/comsol/test.m,5c4fdf6cc80b983546ac759a0a6901153ad93e41d9d840840349029c84f865da
matlab-comsol joint optimisation/GA/trace_fitness.mat,(retained in Git history),8558f897b106dc1f153b5553a4727d0cdf84a9180070b9ff72bd0909f51ef429
matlab-comsol joint optimisation/GA/trace_shape.mat,(retained in Git history),db9fe4069c511324e45821c10ba3f292f6ba4aa31e84b03d6748ddbe5e0157b0
matlab-comsol joint optimisation/GA/vase_case.mat,legacy/comsol/GA/vase_case.mat,8bf8ce0b1377337a145ad495b1d4a5e106acae27091b838fdf56381f53f29ffd
matlab-comsol joint optimisation/GGA.m,legacy/comsol/GGA.m,c98254df14f9812f4f3836a7e7535e81d1ac71a4f4a724a9cac3d000d2e16e72
matlab-comsol joint optimisation/GGA_nonrigid.m,legacy/comsol/GGA_nonrigid.m,847991a1045866db02b55324cd8afb2a7ad09bcf86d8c3b70a5c4ea1e1170d77
matlab-comsol joint optimisation/GGA_rigid.m,legacy/comsol/GGA_rigid.m,488d7ab819286bf87a3257f3a246cb232880436910eaaaafe6d11eb9aad0c692
matlab-comsol joint optimisation/GGA_rigid_symmetry.m,legacy/comsol/GGA_rigid_symmetry.m,f0a4f7d0549c7281e626044a727cf3e30458058c1915df9a4693e560f23ce4f5
matlab-comsol joint optimisation/GGA_symmetry.m,legacy/comsol/GGA_symmetry.m,c2844ec9d334b246e62aade6f774b317756a468ab369e5d4e588bd8228a6d6cf
matlab-comsol joint optimisation/bending_angle.m,legacy/comsol/bending_angle.m,fa5752dc6e092d3fc98501b160c1aa23c3a375fc3e94cc0b89ce33bd0260185f
matlab-comsol joint optimisation/bestchrom.mat,(retained in Git history),f85376789ad16026172501f070f347aa7ddb715cfef74df8606f871475e2de5b
matlab-comsol joint optimisation/createFit.m,legacy/comsol/createFit.m,01e489c0c47e85a8bbec3d15c1aa5b184f0c1252e4e7f2606f7b2557ae170314
matlab-comsol joint optimisation/ellipse_case.mat,legacy/comsol/ellipse_case.mat,000d197cec6b8c55f78d2741f42e986b41d5d2c2bdaed340089ae4ce3a486898
matlab-comsol joint optimisation/ellipse_rigid.mat,legacy/comsol/ellipse_rigid.mat,eb15122420aa2a7e3cd54ce36b76e624bf1f2a2ed79bc5080c96743215823f8b
matlab-comsol joint optimisation/paremetric study/main.m,legacy/comsol/paremetric study/main.m,86e53cff07629c3cf3ffde838ba720096fecec0f1e56a1cf71607de0aee3fd00
matlab-comsol joint optimisation/paremetric study/model.mat,legacy/comsol/paremetric study/model.mat,99f212d8abd4cd76aaaf088e7a9ca5e6f2502a195bff0b6f8441c5b73595daf6
matlab-comsol joint optimisation/paremetric study/parametric.m,legacy/comsol/paremetric study/parametric.m,cc2d7bdad5195cc9a258e7cd258bfe7f7a916868544d74f2ddcd8ad21080bee3
matlab-comsol joint optimisation/test1.fig,(retained in Git history),51bfa6f96dba2561db83dac458cbbeb77f8d07998c8d520338e430350d5ec385
matlab-comsol joint optimisation/trace_fitness.mat,(retained in Git history),c9dc1d46a86d5bfbc54b4fac8c47caa33d45246e3f3b4f222ef0aedbf2632b49
matlab-comsol joint optimisation/trace_shape.mat,(retained in Git history),525a434cf1a97085d0a774f9dd74c5110e5f4acd8764f34010f6abc4d525ba8d
matlab-comsol joint optimisation/vase_case.mat,legacy/comsol/vase_case.mat,b72cc747819bd77e0770c244463c633902d9213cdb7d4c1f312cb81a8cfa906f
matlab-comsol joint optimisation/vase_rigid.mat,legacy/comsol/vase_rigid.mat,2ab2e4a959f43d213604d3c04f4142878f6b9affd24626dfa90e314dea9951f8
matlab-comsol joint optimisation/wave.mat,legacy/comsol/wave.mat,7485b90cdefc7120ff9ac79e97543d2c5f9905c0475c09d236c01ff70d207253
matlab-comsol joint optimisation/x0.mat,(retained in Git history),5704c27d2f0b343c5106791ee2e6086836321f89cf2a3db5a9f5ff1b375c3e31
